{"cameraMode":{"drawMode":0,"name":"Shaded","section":"Shading Mode"},"sceneLighting":true,"audioPlay":false,"sceneViewState":{"showFog":true,"showMaterialUpdate":false,"showSkybox":true,"showFlares":true,"showImageEffects":true,"showParticleSystems":true},"in2DMode":false,"pivot":{"x":1.8669042587280274,"y":0.9291225671768189,"z":-0.6584054231643677},"rotation":{"x":-0.011354734189808369,"y":-0.9680883288383484,"z":0.24964061379432679,"w":-0.018860014155507089},"size":10.497384071350098,"orthographic":false}